ID,Authors,Year,Title,Source,Theme,Method,PaperType,Algorithm,Key Findings
P01,Aslan et al.,2016,Mapping spatial distribution and biomass of coastal wetland vegetation in Indonesian Papua by combining active and passive remotely sensed data,Remote Sensing of Environment,Remote Sensing (Sentinel/GEDI),"SAR + Multispectral Fusion, Regression",Empirical,"Linear Regression, Band Ratios",Combined SAR and multispectral imagery effectively maps mangrove biomass. Highlighted benefits of multi-sensor fusion in cloudy equatorial regions.
P02,Dubayah et al.,2020,The Global Ecosystem Dynamics Investigation: High-resolution laser ranging of the Earth's forests and topography,Science of Remote Sensing,Remote Sensing (Sentinel/GEDI),LiDAR Instrument Design and Validation,Empirical,Waveform Decomposition,Introduced NASA GEDI as gold standard for canopy height. Noted sparse coverage outside equatorial orbital paths.
P03,Simard et al.,2019,"Mangrove canopy height globally related to precipitation, temperature and cyclone frequency",Nature Geoscience,Remote Sensing (Sentinel/GEDI),"SRTM-based Height Mapping, Statistical Correlation",Empirical,Multiple Regression,Global mangrove height mapping using SRTM. Showed environmental drivers of canopy height.
P04,Pham et al.,2019,Estimating and mapping above-ground biomass of mangrove species using Sentinel-2 and machine learning,GIScience & Remote Sensing,Remote Sensing (Sentinel/GEDI),Sentinel-2 Spectral Indices + ML,Empirical,Random Forest,"Machine learning (Random Forest) effectively maps AGB from Sentinel-2, but lacks 3D structural data for high accuracy."
P05,Fatoyinbo et al.,2008,"Landscape-scale extent, height, biomass, and carbon estimation of Mozambique's eco-region",Remote Sensing of Environment,Remote Sensing (Sentinel/GEDI),"SRTM + Landsat, Allometric Equations",Empirical,Allometric Regression,Early use of SRTM and Landsat for mangrove AGB. Established need for active 3D sensors.
P06,Fayad et al.,2021,Aboveground biomass estimation using GEDI in tropical forests,Remote Sensing,Remote Sensing (Sentinel/GEDI),GEDI Waveform Validation,Empirical,GEDI Algorithm Suite (L4A),Validated GEDI AGB algorithms. Showed high accuracy in dense forests but missing data issues in arid/subtropical fringes.
P07,Melo et al.,2022,Integrating Sentinel-1 and Sentinel-2 for mangrove mapping in arid coastal zones,ISPRS Journal,Remote Sensing (Sentinel/GEDI),Multi-sensor Classification,Empirical,"Support Vector Machine, Random Forest",Arid mangroves (like UAE) have different spectral signatures from tropical ones. Radar VV/VH ratio helps distinguish canopy from wet sand.
P08,Cai et al.,2023,Large-scale mangrove AGB estimation combining GEDI and optical data,International Journal of Applied Earth Observation,Remote Sensing (Sentinel/GEDI),GEDI + Sentinel-2 Fusion,Empirical,"XGBoost, Random Forest","Fusing GEDI and Sentinel-2 improves AGB estimation, but performance drops where GEDI footprints are sparse."
P09,Wang et al.,2018,Assessment of Sentinel-1 and Sentinel-2 data for mangrove forest classification,Remote Sensing,Remote Sensing (Sentinel/GEDI),SAR + Optical Classification,Empirical,Random Forest,Cloud-penetrating SAR (S1) paired with optical (S2) drastically improves classification accuracy in coastal zones.
P10,Tuia et al.,2016,Domain adaptation for the classification of remote sensing data: An overview of recent advances,IEEE Geoscience and Remote Sensing Magazine,Transfer Learning / Imputation,Systematic Review of Domain Adaptation,Review,"Various (SVM, CNN, TCA)",Domain adaptation allows models trained in data-rich areas to apply to data-poor areas.
P11,Lang et al.,2022,Global canopy height regression and uncertainty estimation from GEDI and Sentinel-2 using neural networks,Remote Sensing of Environment,Transfer Learning / Imputation,Neural Regression (GEDI → Sentinel-2),Empirical,Fully Connected Neural Network,Neural networks can impute global canopy height continuously by learning the relationship between GEDI (sparse) and Sentinel-2 (dense).
P12,Kussul et al.,2017,Deep learning classification of land cover and crop types using remote sensing data,IEEE Geoscience and Remote Sensing Letters,Transfer Learning / Imputation,Deep Learning Classification,Empirical,"CNN, MLP","Deep learning outperforms RF for remote sensing, but requires large contiguous datasets."
P13,Rolf et al.,2021,A generalizable and accessible approach to machine learning with global satellite imagery,Nature Communications,Transfer Learning / Imputation,Transfer Learning across Biomes,Empirical,MOSAIKS (Random Kitchen Sinks),Transfer learning enables robust spatial prediction models across different biomes.
P14,Zhang et al.,2021,Missing data imputation in remote sensing: A review of deep learning methods,ISPRS Journal,Transfer Learning / Imputation,Systematic Review of Imputation,Review,"Autoencoders, CNN, GAN",Autoencoders and CNNs are highly effective at imputing missing satellite gaps caused by clouds or orbital paths.
P15,Zhao et al.,2023,Transfer learning for mangrove above-ground biomass estimation across regions,Ecological Indicators,Transfer Learning / Imputation,Cross-regional Transfer Learning,Empirical,Fine-tuned DNN,"Models trained on Asian mangroves can be transferred to African mangroves, but require local fine-tuning."
P16,Zhu et al.,2020,Deep learning in remote sensing: A comprehensive review and list of resources,IEEE Geoscience and Remote Sensing Magazine,Transfer Learning / Imputation,Comprehensive Review,Review,"CNN, RNN, GAN, Autoencoder",Highlights the necessity of multimodal data fusion (Radar+Optical+LiDAR) using ANNs.
P17,Kipf & Welling,2017,Semi-supervised classification with graph convolutional networks,ICLR,Graph Neural Networks (GNNs),Graph Convolutional Network Design,Theoretical + Empirical,GCN (Spectral),Introduced standard GCNs. Demonstrated how spatial topology can be leveraged for feature aggregation.
P18,Yu et al.,2018,Spatio-temporal graph convolutional networks: A deep learning framework for traffic forecasting,IJCAI,Graph Neural Networks (GNNs),ST-GNN Architecture Design,Theoretical + Empirical,STGCN (ChebNet + Gated CNN),"Pioneered ST-GNN architectures, capturing both spatial topology and temporal dynamics simultaneously."
P19,Wu et al.,2020,Connecting the dots: Multivariate time series forecasting with graph neural networks,KDD,Graph Neural Networks (GNNs),Adaptive Graph Learning,Empirical,MTGNN,GNNs are superior for forecasting when individual nodes have hidden relational dependencies.
P20,Wang et al.,2021,River network modeling using Spatio-Temporal Graph Neural Networks,Water Resources Research,Graph Neural Networks (GNNs),ST-GNN on Hydrological Network,Empirical,Custom ST-GNN with directed edges,"Applied ST-GNN to hydrological flows, showing that directional edges map perfectly to natural water networks."
P21,Shi et al.,2022,Predicting forest fire spread using graph neural networks,Environmental Modelling & Software,Graph Neural Networks (GNNs),GNN for Spatial Spread Dynamics,Empirical,GraphSAGE,Graph nodes representing forest patches allow better prediction of environmental spread dynamics than pixel-based CNNs.
P22,Chen et al.,2023,Ecosystem carbon flux modeling using spatial graphs,Global Change Biology,Graph Neural Networks (GNNs),Spatial Graph for Carbon Flux,Empirical,GCN (no temporal),"Spatial graphs improve carbon flux estimation compared to isolated point-based models, but lacked temporal sequence modelling."
P23,Li et al.,2021,Spatio-temporal graph modeling for environmental monitoring,IEEE TKDE,Graph Neural Networks (GNNs),ST-GNN for Sensor Networks,Empirical,ST-GNN (GRU + GCN),ST-GNNs are highly robust against missing data in environmental sensor networks.
P24,Macreadie et al.,2021,Blue carbon as a natural climate solution,Nature Reviews Earth & Environment,Carbon MRV and Standards,Comprehensive Review of Blue Carbon,Review,N/A,"Mangroves are powerful carbon sinks, but MRV costs and verification uncertainties block market scaling."
P25,Hamilton & Friess,2018,Global carbon stocks and potential emissions due to mangrove deforestation,Nature Climate Change,Carbon MRV and Standards,Global Stock Quantification,Empirical,Spatial Regression,Highlights the massive carbon density of mangroves and the need for standardized global tracking.
P26,Zeng et al.,2021,High-resolution carbon monitoring systems for forest ecosystems,Science Advances,Carbon MRV and Standards,Satellite-based Carbon Monitoring,Empirical,Neural Network + Satellite Fusion,Manual MRV is too slow; automated satellite-based MRV is the only path to national-scale carbon accounting.
P27,Verra,2022,VM0033 Methodology for Tidal Wetland and Seagrass Restoration,Verra Standards,Carbon MRV and Standards,Carbon Credit Verification Standard,Industry Standard,N/A,"Strict guidelines on autochthonous vs allochthonous carbon, Additionality, and Permanence."
P28,Lovell et al.,2020,The role of digital technologies in carbon markets,Environmental Science & Policy,Carbon MRV and Standards,Policy Review of Digital MRV,Conceptual,N/A,Digital MRV reduces carbon project certification costs by up to 70% but faces regulatory skepticism.
P29,Murdiyarso et al.,2015,The potential of Indonesian mangrove forests for global climate change mitigation,Nature Climate Change,Carbon MRV and Standards,Field Surveys + Soil Carbon Analysis,Empirical,Allometric Equations,"Establishes baselines for mangrove soil carbon density, forming the basis of many blue carbon credit calculations."
P30,Atwood et al.,2017,Global patterns in mangrove soil carbon stocks and losses,Nature Climate Change,Carbon MRV and Standards,Global Spatial Analysis,Empirical,Geospatial Statistical Model,"Soil carbon is highly dependent on tidal flushing and geomorphology, proving pixels cannot be treated independently."
P31,MOCCAE,2023,UAE National Blue Carbon Programme: COP28 Progress Report,Government Report,Carbon MRV and Standards,Policy Report,Government Report,N/A,Outlines the UAE's 100 million mangrove goal and the critical need for scalable local verification mechanisms.
P32,IPCC,2013,Supplement to the 2006 IPCC Guidelines for National Greenhouse Gas Inventories: Wetlands,IPCC,Carbon MRV and Standards,International Guideline,Government Report,N/A,Classifies mangrove carbon as Blue Carbon under international climate frameworks.
P33,Komiyama et al.,2008,"Allometry, biomass, and productivity of mangrove forests: A review",Aquatic Botany,Carbon MRV and Standards,Review of Allometric Methods,Review,Allometric Equations,Established foundational allometric equations for mangrove biomass estimation used as baseline worldwide.
P34,Lundberg & Lee,2017,A unified approach to interpreting model predictions,NIPS,Explainable AI (SHAP),Game-theoretic Feature Attribution,Theoretical + Empirical,SHAP (Shapley Values),Introduced SHAP based on game theory to explain individual machine learning predictions reliably.
P35,Molnar,2020,Interpretable Machine Learning,Book,Explainable AI (SHAP),Textbook / Comprehensive Guide,Conceptual,"SHAP, LIME, PDP, ALE",Defines the need for feature attribution in high-stakes domains where black-box models are unacceptable.
P36,Roscher et al.,2020,Explainable Machine Learning for Scientific Insights and Discoveries,IEEE Access,Explainable AI (SHAP),Review of XAI in Science,Review,"SHAP, Attention Maps, Saliency",XAI transforms ML from a predictive tool to a scientific discovery tool by highlighting feature interactions.
P37,Baryannis et al.,2019,Predicting supply chain risks using machine learning: The trade-off between performance and interpretability,Future Generation Computer Systems,Explainable AI (SHAP),Performance vs Interpretability Analysis,Empirical,"Random Forest, SVM, LIME",Auditors require interpretability. Models without SHAP/LIME fail regulatory compliance checks.
P38,Wong et al.,2022,Using SHAP to interpret deep learning models in environmental monitoring,Environmental Modelling,Explainable AI (SHAP),SHAP Applied to Environmental DL,Empirical,SHAP + LSTM,SHAP effectively identifies specific weather variables (e.g. temperature spikes) driving environmental anomalies.
P39,Kroll et al.,2021,Auditable AI: The role of explainability in climate-tech,Climate Informatics,Explainable AI (SHAP),Policy Analysis of XAI in Carbon Markets,Conceptual,"SHAP, LIME","Carbon markets require 'Auditable AI', which necessitates SHAP or similar methods to prove Additionality."
P40,Slack et al.,2020,Fooling LIME and SHAP: Adversarial Attacks on Post hoc Explanation Methods,AIES,Explainable AI (SHAP),Adversarial Testing of XAI,Empirical,Adversarial SHAP/LIME,"Warns of vulnerabilities in XAI, establishing the need for cross-referencing SHAP outputs with external evidence (like news/weather)."
